Time	YKL109W	YCL066W	YCL067C	YJL056C	YCR040W	YLR098C	YLR013W	YJL110C	YCR097W	YCR096C	YPR199C	YDR421W	YOL089C	YGR044C	YCR018C	YOR140W	YHR006W	YOR032C	YPL248C	YML051W	YGL209W	YGL035C	YMR280C	YDR146C	YML113W	YCR039C	YER189W	YCL065W	YCR041W	YNL339C	YDR545W	YNL337W	YGR296W	YNL336W	YER188CA	YBL111C	YDR543C	YHR091C	YDR544C	YER190W	YGL001C	YKL178C	YBR019C	YMR135WA	YBR020W	YPL283C	YLR463C	YLR467W	YLR465C	YDR009W
0	0	0	1	0	0	1	0	0	0	1	0	1	0	0	1	1	0	1	0	1	0	0	1	1	1	1	0	1	1	0	1	0	0	0	1	1	0	1	0	0	1	0	1	0	1	1	0	0	0	1
1	0	0	1	1	0	1	0	0	0	1	1	1	0	0	1	1	1	1	0	0	0	0	1	1	1	1	0	1	0	0	0	1	0	1	1	1	0	1	0	1	0	1	1	0	1	0	0	1	0	1
2	0	0	1	1	0	0	0	0	0	0	1	1	0	0	1	1	1	1	0	1	0	0	1	1	1	0	0	1	1	0	1	1	0	1	1	1	0	1	0	1	0	1	1	0	1	0	0	1	0	1
3	0	0	1	1	0	0	0	0	0	1	1	1	0	0	1	1	1	0	0	0	0	0	1	1	1	0	0	1	0	0	1	1	0	1	0	1	0	1	0	0	0	1	1	0	1	0	0	1	0	1
4	0	0	1	1	0	1	0	0	0	1	1	1	0	0	1	1	1	0	0	0	0	0	1	1	0	1	0	1	0	0	1	1	0	1	1	1	0	1	0	1	0	1	1	0	0	0	0	1	0	1
5	0	0	1	0	0	0	0	0	0	1	1	0	0	0	1	1	1	1	0	1	0	0	1	1	1	1	0	1	0	0	0	1	0	1	1	1	0	1	0	0	0	1	1	0	1	0	0	1	0	1
6	0	0	1	0	0	0	0	0	0	1	1	1	0	0	1	1	1	1	0	0	0	0	1	1	1	0	0	0	0	0	1	1	0	1	1	1	0	1	0	0	0	1	1	0	0	0	0	1	0	1
7	0	0	1	0	0	1	0	0	0	1	1	1	0	0	1	1	1	1	0	0	0	0	1	1	1	0	0	0	0	0	0	1	0	0	1	1	0	1	0	0	1	1	1	0	0	0	0	1	0	1
8	0	0	1	1	0	1	0	0	0	1	1	1	0	0	1	1	0	0	0	0	0	0	1	1	1	1	0	0	0	0	0	1	0	0	0	1	0	1	0	0	0	1	1	0	0	0	0	1	0	1
9	0	0	1	0	0	1	0	0	0	1	1	1	0	0	1	1	1	0	0	0	0	0	1	1	1	0	0	1	0	0	1	1	0	1	0	1	0	1	0	0	0	1	1	0	0	0	0	1	0	1
10	0	0	1	0	0	1	0	0	0	1	1	1	0	0	1	1	1	1	0	0	0	0	1	1	1	1	0	0	0	0	0	1	1	1	1	1	0	1	0	0	0	1	1	0	1	0	0	1	0	1
11	0	0	0	1	0	1	0	0	0	1	1	1	0	0	1	1	1	1	0	1	0	0	1	1	1	1	0	1	0	0	0	1	0	1	1	1	0	1	0	1	0	0	1	0	1	0	0	0	0	1
12	0	0	0	1	0	1	0	0	0	1	0	1	0	0	1	1	0	1	0	1	0	0	1	1	1	1	0	1	1	0	1	0	0	0	0	1	0	1	0	0	0	0	1	0	1	0	0	1	0	1
13	0	0	1	0	0	1	0	1	0	0	0	1	0	0	1	1	1	1	0	0	0	0	1	1	1	1	0	0	0	0	0	1	0	0	0	1	0	1	0	0	0	0	1	0	1	0	0	0	0	1
14	0	0	0	0	0	0	0	1	0	1	0	1	0	0	1	1	1	1	0	1	0	0	1	1	1	0	0	0	0	0	1	1	0	0	0	1	0	0	0	1	0	0	1	0	1	0	0	1	0	1
15	0	0	0	0	0	0	0	1	0	0	0	1	0	0	1	1	1	1	0	0	0	0	1	1	1	0	0	1	0	0	1	1	0	0	0	1	0	1	0	0	0	0	1	0	1	1	0	1	0	1
16	0	0	0	0	0	1	0	0	0	0	0	1	0	0	1	1	1	1	0	0	0	0	1	1	1	1	0	1	1	0	0	0	0	0	0	1	0	1	0	0	0	0	1	0	1	1	0	1	0	1
17	0	1	1	0	0	1	0	1	0	0	0	1	0	0	1	1	0	1	0	0	0	0	1	1	1	1	0	1	1	0	0	0	0	0	1	1	0	1	0	0	0	0	1	0	1	1	0	0	0	1
18	0	0	1	0	0	0	0	0	0	1	0	1	0	0	1	1	0	1	0	0	0	0	1	1	1	1	0	1	1	0	1	0	0	0	0	0	0	1	0	0	0	0	0	0	1	1	0	0	0	1
19	0	0	1	1	0	1	0	0	0	1	1	1	0	0	1	1	1	1	0	0	0	0	1	1	1	0	0	1	1	0	1	0	0	0	1	1	0	1	0	1	0	0	1	0	1	0	0	0	0	1
20	0	0	1	0	0	1	0	0	0	0	0	1	0	0	1	1	0	1	0	0	0	0	1	1	1	0	0	0	0	0	1	0	0	0	0	1	0	1	0	1	1	0	1	0	1	1	0	0	0	1
21	0	0	1	0	0	1	0	0	0	1	1	1	0	0	1	1	1	1	0	0	0	0	1	1	1	0	0	1	1	0	1	1	0	0	1	1	0	0	0	0	0	0	1	0	1	1	0	0	0	1
22	0	0	1	1	0	1	0	1	0	0	0	1	1	0	1	0	0	1	1	0	0	0	1	1	1	0	0	1	0	0	0	1	0	0	0	1	0	1	0	1	1	0	1	0	1	0	1	1	1	1
23	0	1	0	1	0	1	0	0	0	0	0	1	1	0	1	0	0	1	1	0	0	0	1	1	1	1	0	1	1	0	1	1	0	0	1	1	0	1	0	1	1	0	1	0	1	1	1	0	1	1
24	0	1	1	0	0	1	0	1	0	0	0	1	1	0	1	0	1	1	1	0	0	0	1	1	0	1	0	1	1	0	1	1	0	0	0	1	0	1	0	0	1	0	1	0	1	1	1	1	1	1
25	0	1	0	1	0	1	0	1	0	0	0	1	1	0	1	0	1	1	1	1	0	0	1	1	0	1	0	1	1	0	1	1	0	0	0	1	1	1	0	0	1	0	1	0	1	1	1	0	1	1
26	0	1	1	1	0	1	0	1	0	0	0	1	1	0	1	0	1	1	1	0	0	0	1	1	0	1	0	1	1	0	1	1	0	0	1	1	0	1	0	0	1	0	1	0	1	0	1	0	1	1
27	0	1	1	0	0	1	0	0	0	0	0	1	1	0	1	0	0	1	1	0	0	0	1	1	0	1	0	1	1	0	1	1	0	0	0	1	0	1	0	0	1	0	1	0	1	0	1	0	1	1
28	0	1	1	0	0	1	0	1	0	0	0	1	1	0	1	0	1	1	1	0	0	0	1	1	0	1	1	1	1	0	1	1	0	0	1	1	0	1	0	1	1	0	1	0	1	1	1	1	1	1
29	0	1	0	1	0	1	0	0	0	1	0	1	1	0	1	0	1	1	1	1	0	0	1	1	0	1	1	1	1	0	1	1	0	0	0	1	0	1	0	0	1	0	1	0	1	0	1	0	1	1
30	0	1	1	1	0	1	0	0	0	0	0	1	1	0	1	0	1	1	1	0	0	0	1	1	0	0	0	1	1	0	1	1	0	0	0	1	0	1	0	0	1	0	1	0	1	1	1	0	1	1
31	0	1	0	0	0	1	0	1	0	0	0	1	1	0	1	0	1	1	1	0	0	0	1	1	0	1	1	1	1	0	1	1	0	0	1	0	0	1	0	0	1	0	1	0	1	1	1	0	1	1
32	0	1	1	1	0	0	0	1	0	0	1	1	0	0	1	0	1	1	0	0	0	0	1	1	1	1	0	1	1	0	1	0	0	0	0	0	0	1	0	0	1	0	1	0	1	1	1	0	0	1
33	0	1	1	1	0	1	0	1	0	0	1	1	0	0	1	1	1	1	0	0	0	0	1	1	1	1	0	1	1	0	0	0	0	0	0	1	0	1	0	0	0	0	1	0	1	1	0	0	0	1
34	0	0	1	0	0	0	0	1	0	0	0	1	0	0	1	1	1	1	0	1	0	0	1	1	1	1	0	1	1	0	0	0	0	0	0	1	0	1	0	1	0	0	1	0	1	1	0	0	0	1
35	0	0	1	0	1	1	0	1	0	0	0	1	0	0	1	1	0	1	0	1	0	0	1	1	1	1	0	1	1	0	0	0	0	0	0	0	0	1	0	1	0	0	1	1	1	0	0	0	0	1
36	0	0	1	1	0	1	0	1	0	1	0	1	0	0	1	1	0	1	0	0	0	0	1	1	1	1	0	1	0	0	0	0	0	0	0	1	0	1	0	1	0	0	1	0	1	1	0	1	0	1
37	0	0	1	1	0	1	0	1	0	1	0	1	0	0	1	1	1	1	0	1	0	0	1	1	1	1	0	0	1	0	1	0	0	0	0	1	0	1	0	0	1	0	1	0	1	1	0	0	0	1
38	0	0	1	1	0	1	0	1	0	0	0	1	0	0	1	1	1	1	0	0	0	0	1	1	1	1	0	1	1	0	0	0	0	0	0	1	0	1	0	1	0	0	1	0	1	0	0	0	0	1
39	0	0	1	1	0	1	0	0	0	0	0	1	0	0	1	1	1	1	0	0	0	0	1	1	1	1	0	1	1	0	1	0	0	0	0	0	0	1	0	1	0	0	1	0	1	0	0	0	0	1
40	0	0	1	1	0	0	0	1	0	0	0	1	0	0	1	1	0	1	0	0	0	0	1	1	1	1	0	0	1	0	0	0	0	0	0	0	0	1	0	1	0	0	1	0	1	1	0	0	0	1
41	0	0	1	0	0	0	0	1	0	0	0	1	0	0	1	1	1	1	0	0	0	0	1	1	1	1	0	0	1	0	1	0	0	0	0	1	0	1	0	1	0	0	1	0	1	1	0	0	0	1
42	0	0	1	1	0	1	0	1	0	0	1	1	0	0	1	1	0	1	0	0	0	0	1	1	1	1	0	1	0	0	1	0	0	0	0	1	0	1	0	1	0	0	1	0	1	0	0	0	0	1
43	0	0	1	1	1	1	0	0	0	1	0	1	1	0	1	0	1	1	1	0	0	0	1	1	1	0	1	0	0	1	1	0	1	0	0	1	0	1	0	1	1	0	1	0	1	1	0	1	0	1
44	0	0	1	0	1	1	0	0	0	0	1	1	1	0	1	0	0	1	0	0	0	1	1	1	1	1	0	0	1	1	0	0	1	0	0	1	0	0	0	1	1	0	1	0	1	1	0	1	1	1
45	0	0	1	0	1	1	0	0	0	0	0	0	1	0	1	0	0	1	0	0	0	0	1	1	1	1	1	1	0	1	0	0	1	0	0	1	0	1	0	0	1	0	1	0	1	0	0	1	1	1
46	0	0	1	1	1	1	0	0	1	1	0	0	1	0	1	0	0	1	1	0	0	0	1	1	1	0	0	1	0	1	0	0	1	0	0	1	0	1	0	0	1	0	1	0	1	1	0	1	1	1
47	0	0	1	1	1	0	0	0	1	1	0	1	1	0	1	0	1	1	1	0	0	0	1	1	1	0	0	1	1	1	1	0	1	0	0	1	0	1	0	0	1	1	1	0	1	1	0	1	1	1
48	1	0	1	0	1	1	0	0	1	1	0	1	1	1	1	0	0	1	1	1	0	0	1	1	1	0	1	0	0	1	0	0	1	0	0	1	0	1	0	0	1	1	1	0	1	1	0	1	1	1
49	0	0	1	0	1	1	0	0	1	1	0	0	1	0	1	0	1	1	1	1	0	0	1	1	1	0	0	1	0	1	1	0	1	0	1	1	0	0	0	0	1	1	0	0	1	1	0	1	1	1
50	0	0	1	0	1	0	0	0	1	1	0	0	1	1	1	0	1	1	1	1	0	0	1	1	1	0	0	0	0	1	0	0	1	0	0	1	0	1	0	0	1	1	1	0	1	1	0	1	1	1
51	0	0	1	1	1	0	0	0	1	1	0	0	1	1	1	0	1	1	1	1	0	0	1	1	1	0	1	0	1	1	1	0	1	0	0	1	0	0	0	0	1	1	1	0	1	1	0	1	1	1
52	0	0	0	1	1	0	0	0	1	1	0	1	1	0	1	0	1	1	1	1	0	0	1	1	1	0	0	1	0	0	1	0	1	0	0	1	0	0	0	0	1	1	1	0	1	1	0	1	1	1
53	0	0	0	1	0	0	0	0	1	1	0	1	0	1	1	0	0	1	0	0	0	0	1	1	1	0	0	1	0	0	1	0	0	0	0	1	0	1	0	0	1	1	1	0	1	1	0	1	1	1
54	0	0	1	1	0	1	0	1	0	0	1	1	0	0	1	0	0	1	0	1	0	0	1	1	1	0	0	1	0	0	0	0	0	0	0	1	0	1	0	0	1	1	1	0	1	0	0	0	0	1
55	0	0	1	0	0	1	0	1	0	0	0	1	0	0	1	1	1	1	0	0	0	0	1	1	1	0	0	1	0	0	0	0	0	0	1	1	0	1	0	0	0	1	1	0	1	0	0	1	1	1
56	0	0	0	0	0	1	0	1	0	1	0	1	0	0	1	1	0	1	0	1	0	0	1	1	1	1	0	1	0	1	0	0	0	0	1	1	0	0	0	1	0	0	1	0	1	0	0	0	0	1
57	0	0	1	1	0	1	0	0	0	0	0	1	0	0	1	1	1	1	0	1	0	0	1	1	1	0	0	1	0	1	0	0	0	0	1	1	0	1	0	1	0	0	1	0	1	0	0	1	0	1
58	0	0	1	1	0	1	0	0	0	1	0	1	0	0	1	1	1	1	0	0	0	0	1	1	1	1	0	0	0	1	1	0	0	0	0	1	0	0	0	0	0	0	0	0	1	0	0	0	0	1
59	0	0	1	1	0	1	0	1	0	0	0	1	0	0	1	1	0	1	0	1	0	0	1	1	1	1	0	0	0	0	0	1	0	0	0	0	0	1	0	0	0	0	1	0	1	1	0	0	0	1
60	0	0	1	0	0	1	0	1	0	0	0	1	0	0	1	1	0	1	0	0	0	0	1	1	1	1	0	1	0	0	1	1	0	0	0	1	0	1	0	0	0	0	1	0	1	0	0	1	0	1
61	0	0	0	1	0	1	0	1	0	1	0	1	0	0	1	1	1	1	0	0	0	0	1	1	1	1	0	0	1	1	1	0	0	0	0	1	0	1	0	1	0	0	1	0	1	0	0	1	0	1
62	0	0	0	1	0	1	0	1	0	0	0	1	0	1	1	1	0	1	0	0	0	0	1	1	1	0	0	1	0	0	1	0	0	0	0	1	0	1	0	1	0	0	1	0	1	0	0	1	0	1
63	0	0	1	1	0	1	0	1	0	0	1	1	0	0	1	1	0	1	0	0	0	0	1	1	1	1	0	1	0	0	1	0	0	0	1	1	0	1	0	1	1	0	1	0	1	0	0	1	0	1
64	0	0	1	0	0	1	0	1	0	0	0	1	0	0	1	0	1	1	0	0	1	0	0	1	1	0	1	1	1	0	1	0	0	1	0	1	1	0	0	1	0	0	1	0	1	0	0	0	1	1
65	1	0	1	0	0	1	0	1	0	0	0	1	0	1	1	0	1	1	0	1	1	0	0	1	1	0	1	0	1	0	0	1	0	1	0	1	0	1	0	1	0	0	1	1	1	0	0	1	1	1
66	1	0	0	1	0	1	0	0	0	0	1	1	0	0	1	0	1	1	0	1	1	0	0	1	1	1	1	0	1	0	1	1	1	1	0	1	0	1	0	1	0	0	1	1	1	0	0	0	1	1
67	1	0	0	1	0	0	0	1	0	1	1	1	0	0	1	0	0	1	0	0	1	0	0	1	1	1	1	0	0	0	1	1	1	1	0	0	0	1	0	1	1	0	1	1	1	0	0	0	1	1
68	1	0	0	0	0	1	0	1	0	1	0	1	1	1	1	0	1	1	0	0	1	0	0	1	1	1	1	0	1	0	1	1	1	1	1	0	1	1	0	1	0	0	1	1	1	0	0	1	1	0
69	1	0	1	1	1	1	0	1	0	0	1	1	0	1	1	1	1	1	0	0	1	0	0	1	1	1	1	0	1	0	1	1	0	1	1	0	0	1	0	1	1	0	1	0	1	0	0	0	1	0
70	1	0	0	0	0	0	0	0	0	1	0	1	0	0	1	0	1	1	0	1	1	0	0	1	1	1	1	0	1	0	0	1	0	1	1	0	0	1	0	1	0	0	1	1	1	0	0	0	1	0
71	1	0	0	0	0	1	0	0	0	1	0	1	0	0	1	1	0	1	0	1	1	0	0	1	1	1	1	0	1	0	1	1	0	1	0	0	0	1	0	0	0	0	1	1	1	0	0	0	1	0
72	1	0	1	1	0	1	0	0	0	0	0	1	0	0	1	0	0	1	0	1	1	0	0	1	1	1	1	1	1	0	1	1	0	1	0	0	0	1	0	1	0	0	1	0	1	0	0	1	1	0
73	1	0	0	0	0	1	0	1	0	0	0	1	1	1	1	0	1	1	0	1	1	0	0	1	1	1	1	0	1	0	0	1	0	1	0	0	0	1	0	1	0	0	1	0	1	0	0	0	1	0
74	1	0	1	1	0	1	0	1	0	1	0	1	0	0	1	1	0	1	0	1	0	0	0	1	1	1	0	0	1	0	1	1	0	0	1	0	0	1	0	1	1	0	1	1	1	1	0	1	0	1
75	1	0	1	0	0	1	0	1	0	0	0	1	0	0	1	1	0	1	0	1	0	0	1	1	1	1	0	0	0	0	1	0	0	0	1	0	0	1	0	1	0	0	1	1	1	1	0	0	0	1
76	1	0	1	0	0	1	0	0	0	0	0	1	0	0	1	1	0	1	0	1	0	0	1	1	1	1	0	1	1	0	1	0	0	0	1	0	0	1	0	0	0	0	1	0	1	1	0	1	0	1
77	0	0	0	1	0	1	0	0	0	0	0	1	0	0	1	1	1	1	0	0	0	0	1	1	1	0	0	1	1	0	1	1	0	0	1	0	0	1	0	1	1	0	1	0	1	1	0	1	0	1
78	0	0	1	0	0	1	0	0	0	1	0	1	0	0	1	1	0	1	0	0	0	0	1	1	1	0	0	1	1	1	1	0	0	0	0	0	0	1	0	0	0	0	1	0	1	1	0	0	0	1
79	0	0	1	0	0	1	0	1	0	0	0	1	0	0	1	1	0	1	0	0	0	0	1	1	1	1	0	1	0	0	1	1	0	0	0	1	0	1	0	0	0	0	1	0	1	0	0	0	0	1
80	0	0	1	0	0	1	0	1	0	1	0	1	0	0	1	1	1	1	0	0	0	0	1	1	1	0	0	0	1	1	1	1	0	0	1	1	0	1	0	0	1	0	1	0	1	1	0	1	0	1
81	0	0	1	1	0	1	0	0	0	1	1	1	0	0	1	1	1	1	0	0	0	0	1	1	1	1	0	1	1	0	0	0	0	0	0	1	0	1	0	1	0	0	1	0	1	0	0	0	1	0
82	0	0	1	1	0	1	0	1	0	1	0	1	0	0	1	1	0	1	0	0	0	0	1	1	1	0	0	0	1	0	0	1	0	0	1	1	0	1	0	1	1	0	1	0	1	0	0	0	0	1
83	0	0	1	1	0	1	0	1	0	1	0	1	0	0	1	1	1	1	0	1	0	0	1	1	1	0	0	1	0	0	0	0	0	0	0	1	0	1	0	0	1	0	1	0	1	1	0	1	0	1
84	0	0	1	1	0	0	0	1	0	0	0	1	0	0	1	1	0	1	0	1	0	0	1	1	1	1	0	0	0	1	1	0	0	0	0	1	0	1	0	0	0	0	1	0	1	1	0	0	0	1
85	1	0	0	0	0	1	0	1	0	1	1	0	0	0	0	0	1	1	0	0	0	1	1	0	0	1	0	0	1	0	1	0	0	1	0	1	0	1	0	0	0	0	1	0	0	1	0	1	0	0
86	1	0	1	1	0	1	1	0	0	0	1	0	0	0	0	0	1	1	0	1	0	1	1	0	0	1	0	0	0	0	0	1	0	1	0	0	0	1	0	1	0	0	0	1	0	1	0	1	0	1
87	1	0	0	0	0	1	1	1	0	1	1	0	0	0	0	0	0	1	0	0	0	1	1	0	0	1	0	0	1	1	0	0	1	1	1	0	0	1	0	0	0	0	1	1	0	1	0	1	0	1
88	1	0	0	0	0	1	1	1	0	1	1	0	0	0	0	0	1	1	0	1	0	1	1	0	0	1	0	0	1	1	0	1	0	1	1	0	0	0	0	1	0	0	0	1	0	1	0	1	0	0
89	1	0	1	0	0	1	1	1	0	1	0	0	0	0	0	0	1	1	0	0	0	1	1	0	0	1	1	0	1	1	0	0	0	1	1	0	0	0	0	1	0	0	0	1	0	1	0	1	0	0
90	1	0	1	0	0	1	1	1	0	0	1	0	0	0	0	0	1	1	0	1	0	1	1	0	0	1	1	0	1	1	1	0	1	1	1	0	0	0	0	1	0	0	0	1	0	1	0	1	1	0
91	1	0	1	0	0	1	1	0	0	1	1	0	0	0	0	0	0	1	0	1	0	1	1	0	0	1	1	0	0	1	1	0	0	1	1	1	0	0	0	1	1	0	0	1	0	1	0	1	0	0
92	1	0	1	1	0	1	1	1	0	1	1	0	0	0	0	0	1	1	0	1	0	1	1	0	0	1	1	0	0	1	1	0	0	1	1	0	0	0	0	1	0	0	0	1	0	1	0	1	1	0
93	1	0	0	1	0	1	1	1	0	1	1	0	0	0	0	0	1	1	0	0	0	1	1	0	0	1	1	0	0	1	1	0	0	1	1	0	0	0	0	1	0	0	0	1	0	1	0	1	1	0
94	1	0	0	1	0	1	1	0	0	1	1	0	0	0	0	1	1	1	0	1	0	1	1	0	0	1	1	0	0	1	1	0	1	1	1	0	0	0	0	0	0	0	0	1	0	1	0	1	1	0
95	0	0	1	0	0	0	1	0	0	0	0	1	0	0	0	1	1	1	0	1	0	0	1	0	1	1	1	0	1	1	1	0	0	0	1	1	0	0	0	0	0	0	0	1	0	1	0	1	0	1
96	0	0	1	1	0	1	1	1	0	1	0	1	0	0	0	1	1	1	0	0	0	0	1	1	1	1	0	0	0	1	1	0	0	0	1	1	0	0	0	0	0	0	1	1	1	1	0	1	1	1
97	0	0	0	1	0	0	0	1	0	1	0	1	0	0	0	1	0	1	0	0	0	0	1	1	1	1	0	1	0	1	1	0	0	0	0	1	0	0	0	1	0	0	1	1	1	1	0	1	1	1
98	0	0	1	1	0	1	0	0	0	1	0	1	0	0	1	1	0	1	0	1	0	0	1	1	1	1	0	1	0	1	0	0	0	0	0	1	0	0	0	0	0	0	1	0	1	0	0	1	0	1
99	0	0	1	0	0	1	0	1	0	0	0	1	0	0	0	1	0	1	0	1	0	0	1	1	1	1	0	1	0	1	1	0	0	0	0	1	0	0	0	1	0	0	1	0	1	0	0	0	0	1
100	0	0	1	1	0	0	0	1	0	1	1	1	0	0	1	1	0	1	0	1	0	0	1	1	1	0	0	1	0	0	0	0	0	0	1	1	0	1	0	1	0	0	1	0	1	0	0	1	1	1
101	0	0	0	0	0	0	0	1	0	0	0	1	0	0	1	1	1	1	0	1	0	0	1	1	1	1	0	1	1	1	1	1	0	0	0	1	0	1	0	1	0	0	1	0	1	1	0	0	0	1
102	0	0	0	0	0	1	0	1	0	0	0	1	0	0	1	1	0	1	0	1	0	0	1	1	1	1	0	0	1	0	0	0	0	0	0	1	0	1	0	1	0	0	1	0	1	1	0	0	0	1
103	0	0	1	1	0	1	0	1	0	0	0	1	0	0	1	1	1	1	0	1	0	0	1	1	1	0	0	1	1	0	1	0	0	0	1	0	0	1	0	1	0	0	1	1	1	1	0	1	0	0
104	0	1	1	1	0	1	0	1	0	1	0	1	0	0	1	1	1	1	0	0	0	0	1	1	1	0	0	1	1	0	0	0	0	0	1	1	0	1	0	0	0	0	1	0	1	1	0	0	0	1
105	0	0	1	1	0	1	0	1	0	1	0	1	0	0	1	1	0	1	0	1	0	0	1	1	1	1	0	1	1	0	0	0	0	0	0	1	0	0	0	1	0	0	1	0	1	1	0	1	0	1
106	0	0	0	1	0	1	0	1	0	1	0	0	1	0	1	1	1	1	1	0	0	1	1	1	1	1	0	0	1	1	0	0	0	1	1	1	1	1	0	0	1	0	0	0	0	1	0	0	0	1
107	0	0	0	1	0	1	0	1	0	1	0	0	1	1	1	0	1	1	1	1	0	0	1	1	1	1	0	0	1	1	0	0	0	1	0	0	1	0	0	0	1	0	0	0	0	1	0	0	0	0
108	0	0	0	0	0	1	0	1	0	1	1	0	1	1	1	0	1	1	1	0	0	0	1	0	1	1	0	0	0	1	1	0	0	1	0	0	1	1	0	0	1	0	0	0	0	1	0	0	0	0
109	1	1	0	0	0	1	1	0	0	0	1	0	1	1	1	0	1	1	1	0	0	1	1	0	1	1	0	0	1	1	1	0	0	1	1	0	1	1	0	0	1	0	0	0	0	1	0	0	0	0
110	1	0	0	1	0	1	0	1	1	1	0	0	1	1	1	0	1	1	1	0	0	0	1	1	1	1	0	0	1	1	1	0	0	0	1	0	1	0	0	0	1	0	0	0	0	1	0	1	1	0
111	1	0	0	0	0	1	1	1	1	1	1	0	1	1	1	0	1	1	1	1	0	1	1	0	1	1	0	0	0	1	1	0	0	0	0	0	1	1	0	0	1	1	0	0	0	1	0	0	1	0
112	1	0	0	1	0	1	0	0	1	1	1	0	1	1	1	0	1	1	1	1	0	1	1	0	1	0	0	0	0	0	1	0	0	1	0	0	1	1	0	0	1	1	0	0	0	1	0	0	1	0
113	1	0	0	1	0	1	1	1	1	1	0	0	1	1	1	0	1	1	1	1	0	1	1	0	1	1	0	0	0	1	0	0	0	1	0	0	1	1	0	0	1	1	0	0	0	1	0	0	0	0
114	1	0	0	1	0	1	1	1	1	1	0	0	1	1	1	0	1	1	1	1	0	0	1	0	1	1	0	0	0	1	1	0	0	0	0	0	1	1	0	0	1	1	0	0	0	1	0	1	1	0
115	1	0	0	0	0	1	1	0	1	1	1	0	1	1	1	0	1	1	1	1	0	1	1	0	1	1	0	0	0	1	1	0	0	1	1	0	1	0	0	0	1	1	0	0	0	1	0	0	0	0
116	1	0	0	1	0	1	1	1	1	0	1	1	0	1	1	0	1	1	0	0	0	0	1	1	1	0	0	0	0	1	0	0	0	0	0	0	0	0	0	0	1	1	1	0	0	1	0	1	1	1
117	0	0	0	0	0	1	1	1	0	0	0	1	0	1	1	0	0	1	1	0	0	0	1	1	1	0	0	1	0	1	0	0	0	0	0	1	0	1	0	0	0	1	0	0	1	1	0	1	1	1
118	0	0	0	1	0	1	0	1	0	1	0	1	0	0	1	0	0	1	0	0	0	0	1	1	1	0	0	0	1	1	1	0	0	0	0	0	0	1	0	0	0	0	1	0	1	1	0	1	1	1
119	0	0	1	1	0	1	0	1	0	1	0	1	0	0	1	1	1	1	0	0	0	0	1	1	1	0	0	0	0	1	0	0	0	0	1	1	0	0	0	1	0	0	1	0	1	1	0	1	1	1
120	0	0	1	0	0	0	0	1	0	0	0	1	0	0	1	1	0	1	0	0	0	0	1	1	1	1	0	1	0	1	0	0	0	0	1	1	0	1	0	1	0	0	1	0	1	0	0	0	0	1
121	0	0	1	1	0	0	0	1	0	0	0	1	0	0	1	1	1	1	0	1	0	1	1	1	1	0	0	0	0	1	1	0	0	0	0	1	0	1	0	0	0	0	1	0	1	0	0	1	0	1
122	0	0	1	0	0	1	0	1	0	0	0	1	0	0	1	1	0	1	0	1	0	0	1	1	1	1	0	1	1	0	1	0	0	0	0	1	0	1	0	1	0	0	1	1	1	1	0	1	0	1
123	0	0	1	1	0	1	0	1	0	0	0	1	0	0	1	1	1	1	1	1	0	0	1	1	1	1	0	0	1	1	0	0	0	0	0	1	0	1	0	0	0	0	1	0	1	1	0	1	0	1
124	0	0	1	1	0	1	0	0	0	1	0	1	0	0	1	1	1	1	0	1	0	0	1	1	1	1	0	1	0	1	0	0	0	0	0	1	0	1	0	0	0	0	0	0	1	1	0	0	0	1
125	0	0	1	1	0	1	0	1	0	0	0	1	0	0	1	1	1	1	0	0	0	0	1	1	1	0	0	0	0	1	1	0	0	0	1	1	0	1	0	1	0	0	1	0	1	1	0	0	0	1
126	0	0	1	1	0	1	0	1	0	1	0	1	0	0	1	1	0	1	0	1	0	0	1	1	1	1	0	0	0	0	1	0	0	0	1	1	0	1	0	1	1	0	1	1	1	0	0	0	0	1
127	0	0	0	0	0	1	0	0	0	0	0	1	0	0	1	1	0	1	0	0	0	1	1	1	0	1	1	1	1	0	0	1	0	0	1	1	0	1	0	1	1	0	0	0	1	0	0	0	0	1
128	0	0	1	0	0	1	0	0	0	0	0	1	0	0	1	1	0	1	0	1	0	1	1	0	0	1	0	1	1	0	0	1	0	0	1	1	0	0	0	1	0	0	0	1	0	0	0	0	0	1
129	0	0	1	0	1	1	1	0	0	0	0	1	0	0	1	1	0	1	0	1	0	1	1	0	0	1	0	1	1	0	0	1	0	0	1	1	0	0	0	1	0	0	0	1	0	0	0	0	0	1
130	0	0	1	0	1	1	1	0	0	0	0	1	0	0	1	1	1	1	0	0	0	1	1	0	0	1	0	1	1	1	0	1	0	0	1	1	0	0	0	1	0	0	0	1	0	0	0	0	1	1
131	0	0	1	0	1	0	1	1	0	0	0	1	0	0	0	1	1	1	0	0	0	1	1	0	0	1	1	1	0	1	0	1	0	0	1	1	0	0	0	1	0	0	0	1	0	0	0	0	1	1
132	0	0	1	0	1	1	1	0	0	0	1	1	0	0	0	1	1	1	0	1	0	1	1	0	0	1	0	1	1	1	0	1	0	0	1	1	0	0	0	1	0	0	0	1	0	0	0	0	1	1
133	0	0	1	0	1	0	1	1	0	0	0	1	0	0	0	1	0	1	0	1	0	1	1	0	0	1	0	1	1	1	0	1	0	0	1	1	0	0	0	1	0	0	0	1	0	0	0	0	1	1
134	0	0	0	0	1	0	1	0	0	0	0	1	0	0	0	1	0	1	0	0	0	1	1	0	0	1	1	1	1	1	0	1	0	0	1	1	0	0	0	1	0	0	0	1	0	0	0	0	1	1
135	0	0	1	0	1	1	1	1	0	0	0	1	0	0	0	1	0	1	0	0	0	1	1	0	0	1	1	1	1	1	0	1	0	0	1	1	0	0	0	1	0	0	0	1	0	0	0	0	1	1
136	0	0	1	0	1	1	1	1	0	0	0	1	0	0	0	1	1	1	0	1	0	1	1	0	0	1	1	1	1	1	0	1	0	0	1	1	0	0	0	1	0	0	0	1	0	0	0	0	1	1
137	0	0	1	0	0	1	1	0	0	0	1	1	0	0	0	1	1	1	0	0	0	0	1	0	0	1	0	1	0	1	0	0	0	0	1	1	0	0	0	1	0	0	1	1	0	0	0	0	1	1
138	0	0	1	1	0	1	1	0	0	0	1	1	0	0	0	1	1	1	0	0	0	0	1	1	1	1	0	1	0	1	0	0	0	0	0	1	0	0	0	1	0	0	0	1	1	0	0	0	1	1
139	0	0	1	0	0	0	1	1	0	0	0	1	0	0	0	1	0	1	0	0	0	0	1	1	1	1	0	1	0	1	1	0	0	0	0	1	0	0	0	1	0	0	1	0	1	0	0	1	1	1
140	0	0	1	0	0	1	0	1	0	0	0	1	0	0	1	1	0	1	0	1	0	0	1	1	1	0	0	0	0	1	1	0	0	0	0	1	0	1	0	1	0	0	1	1	1	0	0	1	1	1
141	0	0	1	1	0	1	0	1	0	1	0	1	0	0	1	1	1	1	0	0	0	0	1	1	1	1	0	0	1	1	1	0	0	0	1	0	0	1	0	1	0	0	1	0	1	0	0	1	0	1
142	0	0	1	1	0	1	0	1	0	1	0	1	0	0	1	1	0	1	0	1	0	0	1	1	1	0	0	1	0	0	0	0	0	0	0	1	0	0	0	1	1	0	1	0	1	0	0	0	0	0
143	0	0	1	1	0	1	0	0	0	1	0	1	0	0	1	1	1	1	0	0	0	0	1	1	1	1	0	1	0	1	0	0	0	0	0	1	0	1	0	0	0	0	1	0	1	1	0	0	1	1
144	0	0	1	0	0	1	0	1	0	1	1	1	0	0	1	1	1	1	0	1	0	0	1	1	1	1	0	1	0	0	0	0	0	0	0	1	0	0	0	1	0	0	1	0	1	1	0	1	1	1
145	0	0	1	0	0	1	0	1	0	1	0	1	0	0	1	1	1	1	0	0	0	0	1	1	1	0	0	1	1	0	0	0	0	0	0	1	0	0	0	0	0	0	1	0	1	1	0	0	0	1
146	0	0	1	1	0	1	0	1	0	0	1	1	0	0	1	1	1	1	0	0	0	0	1	1	1	1	0	0	0	1	0	0	0	0	1	0	0	0	0	1	0	0	1	1	1	1	0	0	0	1
147	0	0	1	0	0	1	0	1	0	0	1	1	0	0	1	1	0	1	0	1	0	0	1	1	1	0	0	0	0	0	0	0	0	0	0	1	0	1	0	1	0	0	1	1	1	0	0	0	0	1
148	0	0	0	1	0	1	0	1	0	1	1	0	0	0	1	0	1	1	0	0	0	1	1	1	1	0	0	1	0	0	1	0	0	0	1	1	0	1	0	0	0	0	1	0	0	0	0	0	0	0
149	0	0	1	1	0	1	0	1	0	1	1	0	0	0	1	0	1	1	0	0	0	1	1	0	1	0	0	1	1	0	1	0	0	0	0	1	1	1	0	0	1	0	1	0	0	1	0	1	0	0
150	0	0	1	1	0	0	0	1	0	1	1	0	0	0	1	0	1	1	0	0	0	1	1	0	1	1	0	0	1	0	1	0	0	0	0	1	0	0	0	0	0	0	1	0	0	1	0	1	1	0
151	0	0	1	0	0	1	1	1	0	1	1	0	0	0	0	0	1	1	0	0	0	1	1	0	1	1	0	0	1	0	1	1	0	0	0	1	0	1	0	0	0	0	1	1	0	0	0	1	0	0
152	0	0	1	0	0	1	1	0	0	1	0	0	0	0	0	0	1	1	0	0	0	1	1	0	1	1	0	0	1	0	1	0	0	0	0	1	0	1	0	1	0	0	1	1	0	0	0	0	1	0
153	0	0	1	0	0	1	1	1	0	1	0	0	0	0	0	0	1	1	0	1	0	1	1	0	1	1	0	0	1	1	0	0	0	0	0	1	0	1	0	0	0	0	1	1	0	0	0	1	1	0
154	0	0	1	1	0	1	1	1	0	1	1	0	0	0	0	0	1	1	0	0	0	1	1	0	1	1	0	0	1	1	1	0	0	0	1	1	0	1	0	0	1	0	1	1	0	0	0	0	1	0
155	0	0	1	1	0	1	1	0	0	1	1	0	0	0	0	0	0	1	0	1	0	1	1	0	1	1	0	0	1	1	0	0	0	0	0	1	0	0	0	0	0	0	1	1	0	0	0	1	1	0
156	0	0	1	0	0	1	1	0	0	1	1	0	0	0	0	1	1	1	0	1	0	1	1	0	1	1	0	0	1	1	1	0	0	0	1	1	0	0	0	0	0	0	1	1	0	0	0	0	1	0
157	0	0	0	0	0	1	1	0	0	1	1	0	0	0	0	1	0	1	0	0	0	1	1	0	1	1	0	0	1	1	0	0	0	0	1	1	0	1	0	1	0	0	1	1	0	0	0	0	1	0
158	0	0	1	1	0	1	1	1	0	1	0	1	0	0	0	1	1	1	0	0	0	0	1	0	1	1	0	0	0	1	1	0	0	0	0	1	0	0	0	0	0	0	1	1	0	0	0	0	1	1
159	0	0	1	0	0	1	1	1	0	1	1	1	0	0	0	1	1	1	0	0	0	0	1	1	1	1	0	0	0	1	0	0	0	0	0	1	0	0	0	1	0	0	1	1	1	0	0	1	1	1
160	0	0	1	0	0	1	1	1	0	0	0	1	0	0	0	1	1	1	0	0	0	0	1	1	1	1	0	0	1	1	0	0	0	0	1	1	0	0	0	1	0	0	1	0	1	1	0	1	1	1
161	0	0	0	0	0	0	0	1	0	0	0	1	0	0	1	1	0	1	0	0	0	0	1	1	1	1	0	0	0	1	1	0	0	0	0	1	0	0	0	1	0	0	1	0	1	0	0	1	1	1
162	0	0	1	0	0	1	0	0	0	1	0	1	0	0	1	1	1	1	0	0	0	0	1	1	1	1	0	1	0	0	0	0	0	0	0	0	0	0	0	1	0	0	1	1	0	1	0	0	1	1
163	0	0	1	0	0	0	0	1	0	1	1	1	0	0	1	1	0	1	0	1	0	0	1	1	1	1	0	0	1	1	0	0	0	0	0	1	0	1	0	1	0	0	1	1	1	0	0	0	0	1
164	0	0	1	0	0	0	0	1	0	1	0	1	0	0	1	1	0	1	0	0	0	0	1	1	1	0	0	0	1	0	0	0	0	0	1	1	0	1	0	1	1	0	1	0	1	0	0	0	0	1
165	0	0	1	0	0	1	0	1	0	1	0	1	0	0	0	1	1	1	0	0	0	0	1	1	1	0	0	0	0	0	0	0	0	0	0	1	0	1	0	1	1	0	1	0	1	0	0	0	1	1
166	0	0	1	0	0	1	0	0	0	0	0	1	0	0	1	1	1	1	0	0	0	0	1	1	1	1	0	0	0	0	1	0	0	0	1	1	0	1	0	1	0	0	1	0	1	0	0	1	0	1
167	0	0	1	1	0	0	0	1	0	0	0	1	0	0	1	1	0	1	0	0	0	0	1	1	1	0	0	1	0	0	0	0	0	0	0	0	0	1	0	1	0	0	1	0	1	0	0	0	0	1
168	0	0	1	0	0	1	0	1	0	0	0	1	0	0	1	1	0	1	0	1	0	0	1	1	1	1	0	1	0	0	1	0	0	0	1	1	0	1	0	0	0	0	1	0	1	1	0	1	0	1
169	0	0	0	0	0	0	0	0	0	1	0	1	0	0	1	0	0	0	0	0	0	0	0	0	0	1	0	1	0	0	0	0	0	0	0	0	0	1	0	1	0	0	0	0	1	0	0	0	0	0
170	0	1	0	1	0	0	0	0	0	0	0	1	0	1	1	0	1	0	0	0	0	0	0	0	0	1	0	1	0	0	0	0	1	0	0	0	0	1	0	0	0	0	0	0	1	0	0	0	0	0
171	0	1	0	1	0	0	0	0	0	1	0	0	0	0	0	0	0	0	0	0	0	0	0	0	0	0	1	1	0	0	1	0	0	0	0	0	0	0	0	0	1	0	1	0	0	0	0	1	0	0
172	0	0	0	1	0	0	0	0	0	0	0	1	0	0	0	0	0	0	0	0	0	0	0	0	0	1	1	1	0	0	1	0	0	0	1	0	0	0	0	0	0	0	0	0	0	0	0	0	0	0
173	0	0	0	1	0	0	0	0	0	1	1	0	0	0	0	0	0	0	0	0	0	0	0	0	0	0	1	1	0	1	1	0	0	0	0	0	0	0	0	0	0	0	0	0	1	0	0	0	0	0
174	0	0	0	1	0	0	0	0	0	0	1	0	0	0	0	0	0	0	0	0	0	0	0	0	0	0	1	0	0	1	0	0	0	0	0	0	0	0	0	0	0	0	0	0	0	0	0	0	0	0
175	0	0	0	1	0	0	0	0	0	0	1	1	0	0	0	0	0	0	0	0	0	0	0	0	0	1	1	1	0	1	1	1	0	0	1	0	0	0	0	0	0	0	0	1	1	0	0	0	0	0
176	0	0	0	0	0	0	0	0	0	1	1	0	0	0	0	0	0	0	0	1	0	0	0	0	0	0	1	1	0	0	1	0	0	0	1	1	0	0	0	0	0	0	0	1	1	0	0	1	1	0
177	0	0	0	1	0	0	0	0	0	0	0	1	0	0	0	0	0	0	0	0	0	0	0	0	0	0	1	0	0	0	1	0	0	0	0	0	0	0	0	0	0	0	0	0	1	0	0	0	1	0
178	0	0	0	0	0	0	0	0	0	0	0	1	0	0	0	0	0	0	0	0	0	0	0	0	0	0	1	0	0	0	1	0	0	0	0	0	0	0	0	0	0	0	0	1	1	0	0	0	0	0
179	0	0	1	0	0	1	1	0	0	0	0	1	0	0	0	0	0	1	0	1	0	0	1	1	1	0	1	1	0	0	1	0	0	0	0	1	0	0	0	0	0	0	1	1	1	0	0	0	1	0
180	0	0	1	1	0	0	1	1	0	0	0	1	0	0	1	0	0	1	0	1	0	0	1	1	1	1	0	1	0	1	1	0	0	0	0	1	0	1	0	0	0	0	1	0	1	1	0	1	0	1
181	0	0	1	1	0	1	0	1	0	0	0	1	0	0	1	1	0	1	0	1	0	0	1	1	1	0	0	0	0	0	1	0	0	0	0	1	0	0	0	1	0	0	1	0	1	0	0	1	1	1
182	0	0	1	1	0	0	0	1	0	1	1	1	0	0	1	1	1	1	0	1	0	0	1	1	1	1	0	0	1	1	1	0	0	0	0	1	0	1	0	1	0	0	1	1	1	1	0	1	0	0
183	0	0	1	1	0	1	0	1	0	0	0	1	0	0	1	1	0	1	0	0	0	0	1	1	1	0	0	1	1	0	0	0	0	0	0	0	0	1	0	1	0	0	1	0	1	1	0	1	0	1
184	0	0	1	1	0	1	0	1	0	1	0	1	0	0	1	1	1	1	0	1	0	0	1	1	1	1	0	0	1	0	1	0	0	0	1	1	0	1	0	1	0	0	1	0	1	1	0	1	0	1
185	0	0	1	1	0	1	0	1	0	1	0	1	0	0	1	1	1	1	0	1	0	0	1	1	1	0	0	0	0	1	1	0	0	0	0	0	0	1	0	1	0	0	1	0	1	1	0	0	0	1
186	0	0	1	0	0	1	0	0	0	1	0	1	0	0	1	1	1	1	0	0	0	0	1	1	1	0	0	0	1	0	1	0	0	0	1	1	0	1	0	0	0	0	1	0	1	0	0	0	0	1
187	0	0	0	0	0	1	0	1	0	0	0	1	0	0	0	1	0	1	0	0	0	0	1	1	1	1	1	0	0	0	1	0	0	0	1	1	0	1	0	1	0	0	0	0	1	0	0	0	0	1
188	0	0	1	0	0	1	0	1	0	0	1	1	0	0	1	1	0	1	0	0	0	0	1	1	1	1	0	1	0	0	0	1	0	0	0	1	0	1	0	1	0	0	1	0	1	1	0	1	1	1
189	0	0	1	0	0	1	0	1	0	0	0	1	0	0	1	1	1	1	0	1	0	0	1	1	1	1	0	0	1	0	1	0	0	0	0	1	0	1	0	0	0	0	1	0	1	1	0	0	0	1
190	1	1	1	1	0	1	0	1	0	1	1	0	0	0	1	1	0	1	0	1	0	0	1	1	1	1	0	1	0	0	1	1	1	1	1	1	1	1	1	1	1	0	1	0	1	1	0	0	0	0
191	1	1	1	0	0	0	0	1	0	0	0	0	0	0	1	1	0	1	1	0	0	0	1	1	1	1	0	1	1	0	1	1	1	1	1	0	1	1	1	1	1	0	1	0	1	1	0	1	0	1
192	1	1	0	0	0	0	0	1	0	1	0	0	0	0	1	1	1	1	1	1	0	0	1	1	1	1	0	0	1	0	1	1	1	1	0	0	1	1	1	1	1	0	1	0	1	1	0	1	0	1
193	1	1	0	0	0	1	0	1	0	1	0	0	0	1	1	1	1	1	0	0	0	0	1	1	1	1	0	1	1	0	1	1	1	1	0	0	1	1	1	1	1	0	1	0	1	1	0	1	0	0
194	1	1	0	0	0	1	0	0	0	1	0	0	0	1	1	1	0	1	0	1	0	0	1	1	1	1	0	0	1	0	1	1	1	1	0	0	1	1	1	1	1	0	1	0	1	1	0	0	0	0
195	1	1	0	0	0	1	0	0	0	1	0	0	0	0	1	1	0	1	0	0	0	0	1	1	1	1	0	0	1	0	1	1	1	1	1	0	1	1	1	1	1	0	1	0	1	1	0	0	0	0
196	1	1	0	0	0	1	0	1	0	0	0	0	0	0	1	1	0	1	0	1	0	0	1	1	1	1	0	0	1	0	1	1	1	1	1	0	1	1	1	0	1	0	1	0	1	1	0	1	0	1
197	1	1	0	0	0	0	0	1	0	0	0	0	0	1	1	1	1	1	1	1	0	1	1	1	1	1	0	0	0	0	0	1	1	1	1	0	1	1	1	0	1	0	1	0	1	1	0	0	0	0
198	1	1	0	0	0	1	0	0	0	0	0	0	0	1	1	1	0	1	0	0	0	0	1	1	1	1	0	0	1	0	0	1	1	1	0	0	1	1	1	1	1	0	1	0	1	1	0	0	0	1
199	1	1	0	0	0	1	0	1	0	0	0	0	0	0	1	1	1	1	0	0	0	0	1	1	1	1	0	0	1	0	1	1	1	1	0	0	1	1	1	1	1	0	1	0	1	1	0	1	0	0
200	0	1	1	1	0	1	0	0	0	0	0	1	0	0	1	1	1	1	0	1	0	0	1	1	1	1	0	0	0	0	1	1	1	0	1	0	0	1	0	1	0	0	1	0	0	1	0	1	0	1
201	0	0	1	1	0	1	0	0	0	1	0	1	0	0	1	1	1	1	0	0	0	0	1	1	1	1	0	0	1	0	0	1	1	0	0	0	0	1	0	1	0	0	1	0	1	1	0	1	0	1
202	0	0	1	1	0	1	0	0	0	1	0	1	0	0	1	1	1	1	0	1	0	0	1	1	1	1	0	0	0	0	1	0	0	0	0	0	0	1	0	1	1	0	1	0	1	1	0	0	0	1
203	0	0	1	1	0	1	0	1	0	0	0	1	0	0	1	1	0	1	0	0	0	0	1	1	1	1	0	0	0	0	0	0	0	0	0	1	0	1	0	1	0	0	1	1	1	1	0	0	0	1
204	0	0	1	0	0	1	0	1	0	0	1	1	0	0	1	1	0	1	0	0	0	0	1	1	1	1	0	1	0	1	1	0	0	0	0	1	0	1	0	0	0	0	1	0	1	1	0	1	0	1
205	0	0	1	0	0	1	0	0	0	1	0	1	0	0	1	1	0	1	0	0	0	0	1	1	1	1	0	0	1	0	1	0	0	0	0	1	1	1	0	1	0	0	1	0	1	1	0	0	0	1
206	0	0	1	0	0	1	0	1	0	0	0	1	0	0	1	1	0	1	0	0	0	0	1	1	1	1	0	1	0	0	0	0	0	0	0	1	0	1	0	1	0	0	1	0	1	1	0	1	0	1
207	0	0	1	0	0	1	0	0	0	1	0	1	0	0	1	1	1	1	0	0	0	0	1	1	1	0	0	1	0	1	1	0	0	0	0	0	0	1	0	1	0	0	1	1	1	1	0	0	1	1
208	0	0	0	0	0	1	0	1	0	0	0	1	0	0	1	1	1	1	0	1	0	0	1	1	1	1	0	1	1	0	1	0	0	0	1	1	0	1	0	1	0	0	1	0	1	1	0	0	1	1
209	0	0	1	0	0	1	0	0	0	1	0	1	0	0	1	1	1	1	0	0	0	0	1	1	1	0	0	0	0	0	0	0	0	0	1	1	0	1	0	1	0	0	1	1	1	1	0	1	1	1